URL,状态,标题,长度,链接类型,重定向,深度,敏感信息类型,敏感信息数量,敏感信息详细清单,是否重复
https://code.claude.com/docs/en/skills,200,Agent Skills - Claude Code Docs,908545,接口,,0,Windows路径,1,Windows路径:g:\\\,否
https://code.claude.com/docs/en/setup,200,Set up Claude Code - Claude Code Docs,797103,接口,,1,Windows路径,2,Windows路径:C:\\\\Program Files\\\\Git\\\\bin\\\\bash.exe\\\; g:\\\,否
https://code.claude.com/docs/en/summary_large_image,200,Page Not Found,388161,接口,,1,Windows路径,1,Windows路径:g:\\\,否
https://code.claude.com/docs/en/data-usage,200,Data usage - Claude Code Docs,480862,接口,,2,Windows路径,1,Windows路径:g:\\\,否
https://code.claude.com/docs/en/Install,200,Page Not Found,390395,接口,,2,Windows路径,1,Windows路径:g:\\\,否
https://code.claude.com/docs/en/Agent,200,Page Not Found,390064,接口,,1,Windows路径,1,Windows路径:g:\\\,否
https://code.claude.com/docs/en/Create,200,Page Not Found,390304,接口,,1,Windows路径,1,Windows路径:g:\\\,否
https://code.claude.com/docs/en/website,200,Page Not Found,390395,接口,,1,Windows路径,1,Windows路径:g:\\\,否
https://code.claude.com/docs/en/utf-8,200,Page Not Found,390216,接口,,1,Windows路径,1,Windows路径:g:\\\,否
https://code.claude.com/docs/en/width=device-width,200,Page Not Found,390316,接口,,1,Windows路径,1,Windows路径:g:\\\,否
https://code.claude.com/docs/en/skills%5C,200,Page Not Found,387872,接口,,1,Windows路径,1,Windows路径:g:\\\,否
https://code.claude.com/docs/en/630,200,Page Not Found,390099,接口,,1,Windows路径,1,Windows路径:g:\\\,否
https://code.claude.com/docs/en/Claude,200,Page Not Found,390332,接口,,1,Windows路径,1,Windows路径:g:\\\,否
https://code.claude.com/docs/en/path.join,200,Page Not Found,386452,JOIN,,1,Windows路径,1,Windows路径:g:\\\,否
https://code.claude.com/docs/en/overview,200,Claude Code overview - Claude Code Docs,523465,接口,,1,Windows路径,1,Windows路径:g:\\\,否
https://code.claude.com/docs/en/1200,200,Page Not Found,390211,接口,,1,Windows路径,1,Windows路径:g:\\\,否
https://code.claude.com/docs/en/discover-plugins,200,Discover and install prebuilt plugins through marketplaces - Claude Code Docs,721355,接口,,1,邮箱|Windows路径,1|1,邮箱:git@gitlab.com|Windows路径:g:\\\,否
https://code.claude.com/docs/en/security,200,Security - Claude Code Docs,493547,接口,,2,Windows路径,1,Windows路径:g:\\\,否
https://code.claude.com/docs/en/cli-reference,200,CLI reference - Claude Code Docs,588127,接口,,1,Windows路径,1,Windows路径:g:\\\,否
https://code.claude.com/docs/en/output-styles,200,Output styles - Claude Code Docs,471289,接口,,1,Windows路径,1,Windows路径:g:\\\,否
https://code.claude.com/docs/en/legal-and-compliance,200,Legal and compliance - Claude Code Docs,431541,接口,,1,Windows路径,1,Windows路径:g:\\\,否
https://code.claude.com/docs/en/setup%5C,200,Page Not Found,387423,接口,,2,Windows路径,1,Windows路径:g:\\\,否
https://code.claude.com/docs/en/Set,200,Page Not Found,390244,接口,,2,Windows路径,1,Windows路径:g:\\\,否
https://code.claude.com/docs/en/analytics,200,Analytics - Claude Code Docs,454445,接口,,2,Windows路径,1,Windows路径:g:\\\,否
https://code.claude.com/docs/en/Mintlify,200,Page Not Found,390339,接口,,1,Windows路径,1,Windows路径:g:\\\,否
https://code.claude.com/docs/en/noindex,200,Page Not Found,387557,接口,,2,Windows路径,1,Windows路径:g:\\\,否
https://code.claude.com/docs/en/troubleshooting,200,Troubleshooting - Claude Code Docs,745014,接口,,1,内网IP|Windows路径,1|4,"内网IP:('172.21.123.456', '21')|Windows路径:C:\\\\Program Files\\\\Git\\\\bin\\\\bash.exe\\\; C:\\\\Users\\\\YourName\; g:\\\; C:\\\\Program Files\\\\ClaudeCode\\\\\",否
https://code.claude.com/docs/en/costs,200,Manage costs effectively - Claude Code Docs,498177,接口,,2,Windows路径,1,Windows路径:g:\\\,否
https://code.claude.com/docs/en/plugins,200,Create plugins - Claude Code Docs,778859,接口,,1,Basic认证|Authorization|Windows路径,1|1|1,Basic认证:basic plugins|Authorization:basic plugins|Windows路径:g:\\\,否
https://code.claude.com/docs/en/headless,200,Run Claude Code programmatically - Claude Code Docs,579161,接口,,1,Authorization|Windows路径,1|1,Authorization:Basic usage|Windows路径:g:\\\,否
https://code.claude.com/docs/en/skills,200,Agent Skills - Claude Code Docs,908545,接口,,1,Windows路径,1,Windows路径:g:\\\,是
https://code.claude.com/docs/en/custom,200,Page Not Found,390267,接口,,2,Windows路径,1,Windows路径:g:\\\,否
https://code.claude.com/docs/en/plugin-marketplaces,200,Create and distribute a plugin marketplace - Claude Code Docs,997453,接口,,1,邮箱|Windows路径,2|1,邮箱:enterprise@example.com; devtools@example.com|Windows路径:g:\\\,否
https://code.claude.com/docs/en/Data,200,Page Not Found,390195,接口,,3,Windows路径,1,Windows路径:g:\\\,否
https://code.claude.com/docs/en/monitoring-usage,200,Monitoring - Claude Code Docs,826139,接口,,2,Authorization|Windows路径,3|1,Authorization:Bearer token; Bearer your-token; Bearer company-token|Windows路径:g:\\\,否
https://code.claude.com/docs/en/third-party-integrations,200,Enterprise deployment overview - Claude Code Docs,587289,接口,,1,Windows路径,1,Windows路径:g:\\\,否
https://code.claude.com/docs/en/data-usage%5C,200,Page Not Found,387357,接口,,3,Windows路径,1,Windows路径:g:\\\,否
https://code.claude.com/docs/en/hooks-guide,200,Get started with Claude Code hooks - Claude Code Docs,841323,接口,,1,Windows路径,1,Windows路径:g:\\\,否
https://code.claude.com/docs/en/memory,200,Manage Claude's memory - Claude Code Docs,591154,接口,,1,Authorization|Windows路径,1|2,Authorization:Basic structure|Windows路径:C:\\\\Program Files\\\\ClaudeCode\\\\CLAUDE.md\; g:\\\,否
https://code.claude.com/docs/en/slash-commands,200,Slash commands - Claude Code Docs,857453,接口,,1,Authorization|Windows路径,1|2,Authorization:Basic command|Windows路径:s:\\\; g:\\\,否
https://code.claude.com/docs/en/iam,200,Identity and Access Management - Claude Code Docs,547859,接口,,2,Windows路径,1,Windows路径:g:\\\,否
https://code.claude.com/docs/en/Learn,200,Page Not Found,390095,接口,,3,Windows路径,1,Windows路径:g:\\\,否
https://code.claude.com/docs/en/chrome,200,Use Claude Code with Chrome (beta) - Claude Code Docs,569664,接口,,3,Windows路径,1,Windows路径:g:\\\,否
https://code.claude.com/docs/en/sub-agents,200,Create custom subagents - Claude Code Docs,1068379,接口,,1,Basic认证|Authorization|Windows路径,1|1|1,Basic认证:basic environment|Authorization:basic environment|Windows路径:g:\\\,否
https://code.claude.com/docs/en/skills%5C,200,Page Not Found,387872,接口,,2,Windows路径,1,Windows路径:g:\\\,否
https://code.claude.com/docs/en/mcp,200,Connect Claude Code to tools via MCP - Claude Code Docs,1235329,接口,,1,邮箱|Authorization|数据库连接|Windows路径,2|3|1|2,邮箱:pass@prod.db.com; test@example.com|Authorization:Bearer your-token; Bearer token; Basic syntax|数据库连接:postgresql|Windows路径:C:\\\\Program Files\\\\ClaudeCode\\\\managed-mcp.json\; g:\\\,否
https://code.claude.com/docs/en/overview%5C,200,Page Not Found,390415,接口,,2,Windows路径,1,Windows路径:g:\\\,否
https://code.claude.com/docs/en/slack,200,Claude Code in Slack - Claude Code Docs,538466,接口,,3,Windows路径,1,Windows路径:g:\\\,否
https://code.claude.com/docs/en/claude-code-on-the-web,200,Claude Code on the web - Claude Code Docs,732537,接口,,3,Windows路径,1,Windows路径:g:\\\,否
https://code.claude.com/docs/en/settings,200,Claude Code settings - Claude Code Docs,1303139,接口,,1,邮箱|Windows路径,3|3,邮箱:u003cnoreply@anthropic.com; git@git.example.com; u003cai@example.com|Windows路径:C:\\\\Program Files\\\\ClaudeCode\\\\managed-settings.json\; g:\\\; C:\\\\Program Files\\\\ClaudeCode\\\\\,否
https://code.claude.com/docs/en/desktop,200,Claude Code on desktop - Claude Code Docs,495285,接口,,3,Windows路径,1,Windows路径:g:\\\,否
https://code.claude.com/docs/en/discover-plugins%5C,200,Page Not Found,388196,接口,,2,Windows路径,1,Windows路径:g:\\\,否
https://code.claude.com/docs/en/gitlab-ci-cd,200,Claude Code GitLab CI/CD - Claude Code Docs,764529,接口,,3,OSS云存储桶|Windows路径,2|1,OSS云存储桶:; AccessKeyId|Windows路径:g:\\\,否
https://code.claude.com/docs/en/Discover,200,Page Not Found,390484,接口,,2,Windows路径,1,Windows路径:g:\\\,否
https://code.claude.com/docs/en/Find,200,Page Not Found,390279,接口,,2,Windows路径,1,Windows路径:g:\\\,否
https://code.claude.com/docs/en/jetbrains,200,JetBrains IDEs - Claude Code Docs,498644,接口,,3,Windows路径,1,Windows路径:g:\\\,否
https://code.claude.com/docs/en/vs-code,200,Use Claude Code in VS Code - Claude Code Docs,586233,接口,,3,Windows路径,1,Windows路径:g:\\\,否
https://code.claude.com/docs/en/security%5C,200,Page Not Found,387346,接口,,3,Windows路径,1,Windows路径:g:\\\,否
https://code.claude.com/docs/en/Complete,200,Page Not Found,390187,接口,,2,Windows路径,1,Windows路径:g:\\\,否
https://code.claude.com/docs/en/github-actions,200,Claude Code GitHub Actions - Claude Code Docs,990181,接口,,3,Basic认证|Authorization|Windows路径,1|2|1,Basic认证:basic information|Authorization:Basic workflow; basic information:|Windows路径:g:\\\,否
https://code.claude.com/docs/en/Security,200,Page Not Found,390117,接口,,3,Windows路径,1,Windows路径:g:\\\,否
https://code.claude.com/docs/en/hooks,200,Hooks reference - Claude Code Docs,1713501,接口,,1,Authorization|Windows路径,1|1,Authorization:Basic Troubleshooting|Windows路径:g:\\\,否
https://code.claude.com/docs/en/checkpointing,200,Checkpointing - Claude Code Docs,454313,接口,,2,Windows路径,1,Windows路径:g:\\\,否
https://code.claude.com/docs/en/Output,200,Page Not Found,390364,接口,,2,Windows路径,1,Windows路径:g:\\\,否
https://code.claude.com/docs/en/CLAUDE.local.md,404,请求失败，状态码: 404,4,MD,,2,,,,否
https://code.claude.com/docs/en/.claude/CLAUDE.md,404,请求失败，状态码: 404,4,MD,,2,,,,否
https://code.claude.com/docs/en/Adapt,200,Page Not Found,390225,接口,,2,Windows路径,1,Windows路径:g:\\\,否
https://code.claude.com/docs/en/common-workflows,200,Common workflows - Claude Code Docs,1280174,接口,,3,Windows路径,3,Windows路径:s:\\\; g:\\\; n:\\\,否
https://code.claude.com/docs/en/devcontainer,200,Development containers - Claude Code Docs,457017,接口,,3,Windows路径,1,Windows路径:g:\\\,否
https://code.claude.com/docs/en/setup%5C,200,Page Not Found,387423,接口,,3,Windows路径,1,Windows路径:g:\\\,否
https://code.claude.com/docs/en/legal-and-compliance%5C,200,Page Not Found,383911,接口,,2,Windows路径,1,Windows路径:g:\\\,否
https://code.claude.com/docs/en/Enterprise,200,Page Not Found,390464,接口,,2,Windows路径,1,Windows路径:g:\\\,否
https://code.claude.com/docs/en/cli-reference%5C,200,Page Not Found,386353,接口,,2,Windows路径,1,Windows路径:g:\\\,否
https://code.claude.com/docs/en/CLI,200,Page Not Found,390127,接口,,2,Windows路径,1,Windows路径:g:\\\,否
https://code.claude.com/docs/en/Legal,200,Page Not Found,390089,接口,,2,Windows路径,1,Windows路径:g:\\\,否
https://code.claude.com/docs/en/Analytics,200,Page Not Found,390309,接口,,3,Windows路径,1,Windows路径:g:\\\,否
https://code.claude.com/docs/en/interactive-mode,200,Interactive mode - Claude Code Docs,598039,接口,,2,Windows路径,1,Windows路径:g:\\\,否
https://code.claude.com/docs/en/sandboxing,200,Sandboxing - Claude Code Docs,554167,接口,,3,Windows路径,1,Windows路径:g:\\\,否
https://code.claude.com/docs/en/output-styles%5C,200,Page Not Found,388182,接口,,2,Windows路径,1,Windows路径:g:\\\,否
https://code.claude.com/docs/en/Use,200,Page Not Found,390162,接口,,2,Windows路径,1,Windows路径:g:\\\,否
https://code.claude.com/docs/en/troubleshooting%5C,200,Page Not Found,387893,接口,,2,Windows路径,1,Windows路径:g:\\\,否
https://code.claude.com/docs/en/quickstart,200,Quickstart - Claude Code Docs,717613,接口,,3,Windows路径,1,Windows路径:g:\\\,否
https://code.claude.com/docs/en/commands/experimental/preview.md,404,请求失败，状态码: 404,4,MD,,2,,,,否
https://code.claude.com/docs/en/google-vertex-ai,200,Claude Code on Google Vertex AI - Claude Code Docs,532323,接口,,2,Windows路径,1,Windows路径:g:\\\,否
https://code.claude.com/docs/en/agents/security-reviewer.md,404,请求失败，状态码: 404,4,MD,,2,,,,否
https://code.claude.com/docs/en/View,200,Page Not Found,390164,接口,,3,Windows路径,1,Windows路径:g:\\\,否
https://code.claude.com/docs/en/agents/compliance-checker.md,404,请求失败，状态码: 404,4,MD,,2,,,,否
https://code.claude.com/docs/en/network-config,200,Enterprise network configuration - Claude Code Docs,518030,接口,,2,内网IP|IP地址|Basic认证|Authorization|Windows路径,1|1|1|2|1,"内网IP:('192.168.1.1', '')|IP地址:192.168.1.1|Basic认证:basic authentication|Authorization:basic authentication; Basic authentication|Windows路径:g:\\\",否
https://code.claude.com/docs/en/llm-gateway,200,LLM gateway configuration - Claude Code Docs,570588,接口,,2,Authorization|Windows路径,1|1,Authorization:Basic LiteLLM|Windows路径:g:\\\,否
https://code.claude.com/docs/en/Manage,200,Page Not Found,390107,接口,,3,Windows路径,1,Windows路径:g:\\\,否
https://code.claude.com/docs/en/amazon-bedrock,200,Claude Code on Amazon Bedrock - Claude Code Docs,636402,接口,,3,OSS云存储桶|Windows路径,3|1,OSS云存储桶:access-key; ; AccessKeyId|Windows路径:g:\\\,否
https://code.claude.com/docs/en/plugins%5C,200,Page Not Found,388018,接口,,2,Windows路径,1,Windows路径:g:\\\,否
https://code.claude.com/docs/en/analytics%5C,200,Page Not Found,387586,接口,,3,Windows路径,1,Windows路径:g:\\\,否
https://code.claude.com/docs/en/microsoft-foundry,200,Claude Code on Microsoft Foundry - Claude Code Docs,496710,接口,,3,Windows路径,1,Windows路径:g:\\\,否
https://code.claude.com/docs/en/CLAUDE.md,404,请求失败，状态码: 404,4,MD,,2,,,,否
https://code.claude.com/docs/en/Troubleshooting,200,Page Not Found,390281,接口,,2,Windows路径,1,Windows路径:g:\\\,否
https://code.claude.com/docs/en/memory%5C,200,Page Not Found,386058,接口,,2,Windows路径,1,Windows路径:g:\\\,否
https://code.claude.com/docs/en/third-party-integrations%5C,200,Page Not Found,387696,接口,,2,Windows路径,1,Windows路径:g:\\\,否
https://code.claude.com/docs/en/slash-commands%5C,200,Page Not Found,386442,接口,,2,Windows路径,1,Windows路径:g:\\\,否
https://code.claude.com/docs/en/costs%5C,200,Page Not Found,387488,接口,,3,Windows路径,1,Windows路径:g:\\\,否
https://code.claude.com/docs/en/Control,200,Page Not Found,390257,接口,,2,Windows路径,1,Windows路径:g:\\\,否
https://code.claude.com/docs/en/plugins-reference,200,Plugins reference - Claude Code Docs,1040499,接口,,2,邮箱|Windows路径,2|1,邮箱:author@example.com; dev@company.com|Windows路径:g:\\\,否
https://code.claude.com/docs/en/plugins/formatter,200,Page Not Found,388181,接口,,2,Windows路径,1,Windows路径:g:\\\,否
https://code.claude.com/docs/en/Build,200,Page Not Found,390395,接口,,2,Windows路径,1,Windows路径:g:\\\,否
https://code.claude.com/docs/en/Slash,200,Page Not Found,390161,接口,,2,Windows路径,1,Windows路径:g:\\\,否
https://code.claude.com/docs/en/plugins/review-plugin,200,Page Not Found,388150,接口,,2,Windows路径,1,Windows路径:g:\\\,否
https://code.claude.com/docs/en/file_path,200,Page Not Found,390298,接口,,2,Windows路径,1,Windows路径:g:\\\,否
https://code.claude.com/docs/en/hooks-guide%5C,200,Page Not Found,388050,接口,,2,Windows路径,1,Windows路径:g:\\\,否
https://code.claude.com/docs/en/commands/core/,200,Page Not Found,390130,接口,,2,Windows路径,1,Windows路径:g:\\\,否
https://code.claude.com/docs/en/commands/enterprise/,200,Page Not Found,390444,接口,,2,Windows路径,1,Windows路径:g:\\\,否
https://code.claude.com/docs/en/monitoring-usage%5C,200,Page Not Found,387373,接口,,3,Windows路径,1,Windows路径:g:\\\,否
https://code.claude.com/docs/en/terminal-config,200,Optimize your terminal setup - Claude Code Docs,455133,接口,,2,Windows路径,1,Windows路径:g:\\\,否
https://code.claude.com/docs/en/data-usage%5C,200,Page Not Found,387357,接口,,4,Windows路径,1,Windows路径:g:\\\,否
https://code.claude.com/docs/en/.claude/rules/,200,Page Not Found,388779,接口,,2,Windows路径,1,Windows路径:g:\\\,否
https://code.claude.com/docs/en/iam%5C,200,Page Not Found,387501,接口,,3,Windows路径,1,Windows路径:g:\\\,否
https://code.claude.com/docs/en/Identity,200,Page Not Found,390370,接口,,3,Windows路径,1,Windows路径:g:\\\,否
https://code.claude.com/docs/en/path,200,Page Not Found,388014,接口,,3,Windows路径,1,Windows路径:g:\\\,否
https://code.claude.com/docs/en/scripts/validate-deploy.sh,200,Page Not Found,388857,SH,,2,Windows路径,1,Windows路径:g:\\\,否
https://code.claude.com/docs/en/chrome%5C,200,Page Not Found,390331,接口,,4,Windows路径,1,Windows路径:g:\\\,否
https://code.claude.com/docs/en/Run,200,Page Not Found,390306,接口,,2,Windows路径,1,Windows路径:g:\\\,否
https://code.claude.com/docs/en/domain,200,Page Not Found,390230,接口,,3,Windows路径,1,Windows路径:g:\\\,否
https://code.claude.com/docs/en/plugin-marketplaces%5C,200,Page Not Found,387871,接口,,2,Windows路径,1,Windows路径:g:\\\,否
https://code.claude.com/docs/en/headless%5C,200,Page Not Found,388101,接口,,2,Windows路径,1,Windows路径:g:\\\,否
https://code.claude.com/docs/en/scripts/setup-db-connection.sh,200,Page Not Found,388881,SH,,2,Windows路径,1,Windows路径:g:\\\,否
https://code.claude.com/docs/en/scripts/cleanup-db-connection.sh,200,Page Not Found,388893,SH,,2,Windows路径,1,Windows路径:g:\\\,否
https://code.claude.com/docs/en/plugins/my-plugin,200,Page Not Found,388063,接口,,2,Windows路径,1,Windows路径:g:\\\,否
https://code.claude.com/docs/en/sub-agents%5C,200,Page Not Found,386540,接口,,2,Windows路径,1,Windows路径:g:\\\,否
https://code.claude.com/docs/en/Connect,200,Page Not Found,390295,接口,,4,Windows路径,1,Windows路径:g:\\\,否
https://code.claude.com/docs/en/url,200,Page Not Found,390592,接口,,2,Windows路径,1,Windows路径:g:\\\,否
https://code.claude.com/docs/en/Get,200,Page Not Found,390203,接口,,2,Windows路径,1,Windows路径:g:\\\,否
https://code.claude.com/docs/en/slack%5C,200,Page Not Found,390404,接口,,4,Windows路径,1,Windows路径:g:\\\,否
https://code.claude.com/docs/en/agent-sdk/subagents,200,Page Not Found,387582,接口,,2,Windows路径,1,Windows路径:g:\\\,否
https://code.claude.com/docs/en/settings%5C,200,Page Not Found,385937,接口,,2,Windows路径,1,Windows路径:g:\\\,否
https://code.claude.com/docs/en/Monitoring,200,Page Not Found,390313,接口,,3,Windows路径,1,Windows路径:g:\\\,否
https://code.claude.com/docs/en/statusline,200,Status line configuration - Claude Code Docs,860918,接口,,2,Windows路径,1,Windows路径:g:\\\,否
https://code.claude.com/docs/en/discover-plugins%5C,200,Page Not Found,388196,接口,,3,Windows路径,1,Windows路径:g:\\\,否
https://code.claude.com/docs/en/jetbrains%5C,200,Page Not Found,390286,接口,,4,Windows路径,1,Windows路径:g:\\\,否
https://code.claude.com/docs/en/mcp%5C,200,Page Not Found,387985,接口,,2,Windows路径,1,Windows路径:g:\\\,否
https://code.claude.com/docs/en/model-config,200,Model configuration - Claude Code Docs,496306,接口,,2,Windows路径,1,Windows路径:g:\\\,否
https://code.claude.com/docs/en/desktop%5C,200,Page Not Found,390316,接口,,4,Windows路径,1,Windows路径:g:\\\,否
https://code.claude.com/docs/en/scripts/run-linter.sh,200,Page Not Found,388827,SH,,2,Windows路径,1,Windows路径:g:\\\,否
https://code.claude.com/docs/en/claude-code-on-the-web%5C,200,Page Not Found,390411,接口,,4,Windows路径,1,Windows路径:g:\\\,否
https://code.claude.com/docs/en/vs-code%5C,200,Page Not Found,390379,接口,,4,Windows路径,1,Windows路径:g:\\\,否
https://code.claude.com/docs/en/overview%5C,200,Page Not Found,390415,接口,,3,Windows路径,1,Windows路径:g:\\\,否
https://code.claude.com/docs/en/github-actions%5C,200,Page Not Found,390527,接口,,4,Windows路径,1,Windows路径:g:\\\,否
https://code.claude.com/docs/en/security%5C,200,Page Not Found,387346,接口,,4,Windows路径,1,Windows路径:g:\\\,否
https://code.claude.com/docs/en/tool_input,200,Page Not Found,388010,接口,,2,Windows路径,1,Windows路径:g:\\\,否
https://code.claude.com/docs/en/JetBrains,200,Page Not Found,390244,接口,,4,Windows路径,1,Windows路径:g:\\\,否
https://code.claude.com/docs/en/This,200,Page Not Found,390234,接口,,2,Windows路径,1,Windows路径:g:\\\,否
https://code.claude.com/docs/en/Configure,200,Page Not Found,390350,接口,,2,Windows路径,1,Windows路径:g:\\\,否
https://code.claude.com/docs/en/common-workflows%5C,200,Page Not Found,390454,接口,,4,Windows路径,1,Windows路径:g:\\\,否
https://code.claude.com/docs/en/scripts/validate-readonly-query.sh,200,Page Not Found,388905,SH,,2,Windows路径,1,Windows路径:g:\\\,否
https://code.claude.com/docs/en/Quickstart,200,Page Not Found,390299,接口,,4,Windows路径,1,Windows路径:g:\\\,否
https://code.claude.com/docs/en/utilities/batch-process.md,404,请求失败，状态码: 404,4,MD,,3,,,,否
https://code.claude.com/docs/en/Common,200,Page Not Found,390207,接口,,4,Windows路径,1,Windows路径:g:\\\,否
https://code.claude.com/docs/en/Checkpointing,200,Page Not Found,390289,接口,,3,Windows路径,1,Windows路径:g:\\\,否
https://code.claude.com/docs/en/gitlab-ci-cd%5C,200,Page Not Found,390564,接口,,4,Windows路径,1,Windows路径:g:\\\,否
https://code.claude.com/docs/en/legal-and-compliance%5C,200,Page Not Found,383911,接口,,3,Windows路径,1,Windows路径:g:\\\,否
https://code.claude.com/docs/en/scripts/security-check.sh,200,Page Not Found,388851,SH,,2,Windows路径,1,Windows路径:g:\\\,否
https://code.claude.com/docs/en/custom/cmd.md,404,请求失败，状态码: 404,4,MD,,3,,,,否
https://code.claude.com/docs/en/Hooks,200,Page Not Found,390102,接口,,2,Windows路径,1,Windows路径:g:\\\,否
https://code.claude.com/docs/en/Development,200,Page Not Found,390349,接口,,4,Windows路径,1,Windows路径:g:\\\,否
https://code.claude.com/docs/en/Automatically,200,Page Not Found,390372,接口,,3,Windows路径,1,Windows路径:g:\\\,否
https://code.claude.com/docs/en/sandboxing%5C,200,Page Not Found,387301,接口,,4,Windows路径,1,Windows路径:g:\\\,否
https://code.claude.com/docs/en/custom-agents/reviewer.md,404,请求失败，状态码: 404,4,MD,,3,,,,否
https://code.claude.com/docs/en/specialized/deploy.md,404,请求失败，状态码: 404,4,MD,,3,,,,否
https://code.claude.com/docs/en/checkpointing%5C,200,Page Not Found,386289,接口,,3,Windows路径,1,Windows路径:g:\\\,否
https://code.claude.com/docs/en/cmd1.md,404,请求失败，状态码: 404,4,MD,,3,,,,否
https://code.claude.com/docs/en/Sandboxing,200,Page Not Found,390135,接口,,4,Windows路径,1,Windows路径:g:\\\,否
https://code.claude.com/docs/en/interactive-mode%5C,200,Page Not Found,386519,接口,,3,Windows路径,1,Windows路径:g:\\\,否
https://code.claude.com/docs/en/Interactive,200,Page Not Found,390418,接口,,3,Windows路径,1,Windows路径:g:\\\,否
https://code.claude.com/docs/en/devcontainer%5C,200,Page Not Found,387425,接口,,4,Windows路径,1,Windows路径:g:\\\,否
https://code.claude.com/docs/en/Welcome,200,Page Not Found,390271,接口,,4,Windows路径,1,Windows路径:g:\\\,否
https://code.claude.com/docs/en/changelog,200,claude-code/CHANGELOG.md at main · anthropics/claude-code · GitHub,557317,接口,,4,企业注册号|内网IP|IP地址|Facebook客户端ID|AWS S3|AWS S3 URL|Windows路径,1|1|10|1|1|1|2,"企业注册号:729464999999999|内网IP:('10.436.55.096', '')|IP地址:1.5.75.75; 1.7.75.75; 012.076.024.148; 09.047.171.125; 5.5.75.75; 138.112.25.25; 05.053.096.108; 002.002.004.004; 4.084.75.75; 05.015.098.042|Facebook客户端ID:('fb', ':app_id"" content=')|AWS S3:github-cloud.s3.amazonaws.com|AWS S3 URL:github-cloud.s3.amazonaws.com|Windows路径:C:\\Program Files\\ClaudeCode\u003c/code\u003e if it exists. Support for \u003ccode\u003eC; C:\\ProgramData\\ClaudeCode\\managed-settings.json\u003c/code\u003e - administrators should migrate to \u003ccode\u003eC",否
https://code.claude.com/docs/en/network-config%5C,200,Page Not Found,387685,接口,,3,Windows路径,1,Windows路径:g:\\\,否
https://code.claude.com/docs/en/LLM,200,Page Not Found,390226,接口,,3,Windows路径,1,Windows路径:g:\\\,否
https://code.claude.com/docs/en/amazon-bedrock%5C,200,Page Not Found,387549,接口,,4,Windows路径,1,Windows路径:g:\\\,否
https://code.claude.com/docs/en/custom/commands/special.md,404,请求失败，状态码: 404,4,MD,,3,,,,否
https://code.claude.com/docs/en/llm-gateway%5C,200,Page Not Found,387613,接口,,3,Windows路径,1,Windows路径:g:\\\,否
https://code.claude.com/docs/en/custom-agents/tester.md,404,请求失败，状态码: 404,4,MD,,3,,,,否
https://code.claude.com/docs/en/microsoft-foundry%5C,200,Page Not Found,387667,接口,,4,Windows路径,1,Windows路径:g:\\\,否
https://code.claude.com/docs/en/hooks%5C,200,Page Not Found,386510,接口,,2,Windows路径,1,Windows路径:g:\\\,否
https://code.claude.com/docs/en/styles/,200,Page Not Found,386003,接口,,3,Windows路径,1,Windows路径:g:\\\,否
https://code.claude.com/docs/en/troubleshooting%5C,200,Page Not Found,387893,接口,,3,Windows路径,1,Windows路径:g:\\\,否
https://code.claude.com/docs/en/analytics%5C,200,Page Not Found,387586,接口,,4,Windows路径,1,Windows路径:g:\\\,否
https://code.claude.com/docs/en/scripts/your-script.sh,200,Page Not Found,388833,SH,,3,Windows路径,1,Windows路径:g:\\\,否
https://code.claude.com/docs/en/third-party-integrations%5C,200,Page Not Found,387696,接口,,3,Windows路径,1,Windows路径:g:\\\,否
https://code.claude.com/docs/en/memory%5C,200,Page Not Found,386058,接口,,3,Windows路径,1,Windows路径:g:\\\,否
https://code.claude.com/docs/en/quickstart%5C,200,Page Not Found,390255,接口,,4,Windows路径,1,Windows路径:g:\\\,否
https://code.claude.com/docs/en/costs%5C,200,Page Not Found,387488,接口,,4,Windows路径,1,Windows路径:g:\\\,否
https://code.claude.com/docs/en/custom/skills/,200,Page Not Found,390268,接口,,3,Windows路径,1,Windows路径:g:\\\,否
https://code.claude.com/docs/en/output-styles%5C,200,Page Not Found,388182,接口,,3,Windows路径,1,Windows路径:g:\\\,否
https://code.claude.com/docs/en/commands/enterprise/path.join,200,Page Not Found,388879,JOIN,,3,Windows路径,1,Windows路径:g:\\\,否
https://code.claude.com/docs/en/plugins/my-plugin/agents/,200,Page Not Found,388262,接口,,3,Windows路径,1,Windows路径:g:\\\,否
https://code.claude.com/docs/en/plugins/my-plugin/commands/,200,Page Not Found,387920,接口,,3,Windows路径,1,Windows路径:g:\\\,否
https://code.claude.com/docs/en/google-vertex-ai%5C,200,Page Not Found,387605,接口,,3,Windows路径,1,Windows路径:g:\\\,否
https://code.claude.com/docs/en/plugins-reference%5C,200,Page Not Found,386554,接口,,3,Windows路径,1,Windows路径:g:\\\,否
https://code.claude.com/docs/en/Plugins,200,Page Not Found,390298,接口,,3,Windows路径,1,Windows路径:g:\\\,否
https://code.claude.com/docs/en/headless%5C,200,Page Not Found,388101,接口,,3,Windows路径,1,Windows路径:g:\\\,否
https://code.claude.com/docs/en/plugins/Claude,200,Page Not Found,388082,接口,,3,Windows路径,1,Windows路径:g:\\\,否
https://code.claude.com/docs/en/plugins/path.join,200,Page Not Found,386504,JOIN,,3,Windows路径,1,Windows路径:g:\\\,否
https://code.claude.com/docs/en/plugins/custom,200,Page Not Found,388150,接口,,3,Windows路径,1,Windows路径:g:\\\,否
https://code.claude.com/docs/en/plugins/Mintlify,200,Page Not Found,388120,接口,,3,Windows路径,1,Windows路径:g:\\\,否
https://code.claude.com/docs/en/cli-reference%5C,200,Page Not Found,386353,接口,,3,Windows路径,1,Windows路径:g:\\\,否
https://code.claude.com/docs/en/commands/enterprise/Mintlify,200,Page Not Found,390502,接口,,3,Windows路径,1,Windows路径:g:\\\,否
https://code.claude.com/docs/en/,200,Claude Code overview - Claude Code Docs,523465,接口,,3,Windows路径,1,Windows路径:g:\\\,否
https://code.claude.com/docs/en/plugins%5C,200,Page Not Found,388018,接口,,3,Windows路径,1,Windows路径:g:\\\,否
https://code.claude.com/docs/en/plugins/width=device-width,200,Page Not Found,388127,接口,,3,Windows路径,1,Windows路径:g:\\\,否
https://code.claude.com/docs/en/commands/core/custom,200,Page Not Found,390421,接口,,3,Windows路径,1,Windows路径:g:\\\,否
https://code.claude.com/docs/en/commands/enterprise/noindex,200,Page Not Found,390433,接口,,3,Windows路径,1,Windows路径:g:\\\,否
https://code.claude.com/docs/en/custom/agents/,200,Page Not Found,390336,接口,,3,Windows路径,1,Windows路径:g:\\\,否
https://code.claude.com/docs/en/commands/core/path.join,200,Page Not Found,388843,JOIN,,3,Windows路径,1,Windows路径:g:\\\,否
https://code.claude.com/docs/en/commands/enterprise/width=device-width,200,Page Not Found,390512,接口,,3,Windows路径,1,Windows路径:g:\\\,否
https://code.claude.com/docs/en/commands/enterprise/Claude,200,Page Not Found,390351,接口,,3,Windows路径,1,Windows路径:g:\\\,否
https://code.claude.com/docs/en/terminal-config%5C,200,Page Not Found,386035,接口,,3,Windows路径,1,Windows路径:g:\\\,否
https://code.claude.com/docs/en/commands/core/noindex,200,Page Not Found,390246,接口,,3,Windows路径,1,Windows路径:g:\\\,否
https://code.claude.com/docs/en/commands/core/Claude,200,Page Not Found,390406,接口,,3,Windows路径,1,Windows路径:g:\\\,否
https://code.claude.com/docs/en/.claude/rules/path.join,200,Page Not Found,388843,JOIN,,3,Windows路径,1,Windows路径:g:\\\,否
https://code.claude.com/docs/en/monitoring-usage%5C,200,Page Not Found,387373,接口,,4,Windows路径,1,Windows路径:g:\\\,否
https://code.claude.com/docs/en/slash-commands%5C,200,Page Not Found,386442,接口,,3,Windows路径,1,Windows路径:g:\\\,否
https://code.claude.com/docs/en/commands/enterprise/custom,200,Page Not Found,390480,接口,,3,Windows路径,1,Windows路径:g:\\\,否
https://code.claude.com/docs/en/hooks-guide%5C,200,Page Not Found,388050,接口,,3,Windows路径,1,Windows路径:g:\\\,否
https://code.claude.com/docs/en/.claude/rules/noindex,200,Page Not Found,388831,接口,,3,Windows路径,1,Windows路径:g:\\\,否
https://code.claude.com/docs/en/chrome%5C,200,Page Not Found,390331,接口,,5,Windows路径,1,Windows路径:g:\\\,否
https://code.claude.com/docs/en/commands/core/width=device-width,200,Page Not Found,390258,接口,,3,Windows路径,1,Windows路径:g:\\\,否
https://code.claude.com/docs/en/.claude/rules/Claude,200,Page Not Found,388825,接口,,3,Windows路径,1,Windows路径:g:\\\,否
https://code.claude.com/docs/en/plugins/noindex,200,Page Not Found,388114,接口,,3,Windows路径,1,Windows路径:g:\\\,否
https://code.claude.com/docs/en/commands/core/Mintlify,200,Page Not Found,390188,接口,,3,Windows路径,1,Windows路径:g:\\\,否
https://code.claude.com/docs/en/scripts/width=device-width,200,Page Not Found,390278,接口,,3,Windows路径,1,Windows路径:g:\\\,否
https://code.claude.com/docs/en/.claude/rules/width=device-width,200,Page Not Found,388907,接口,,3,Windows路径,1,Windows路径:g:\\\,否
https://code.claude.com/docs/en/Optimize,200,Page Not Found,390366,接口,,3,Windows路径,1,Windows路径:g:\\\,否
https://code.claude.com/docs/en/iam%5C,200,Page Not Found,387501,接口,,4,Windows路径,1,Windows路径:g:\\\,否
https://code.claude.com/docs/en/.claude/rules/custom,200,Page Not Found,388825,接口,,3,Windows路径,1,Windows路径:g:\\\,否
https://code.claude.com/docs/en/scripts/custom,200,Page Not Found,390301,接口,,3,Windows路径,1,Windows路径:g:\\\,否
https://code.claude.com/docs/en/.claude/rules/Mintlify,200,Page Not Found,388837,接口,,3,Windows路径,1,Windows路径:g:\\\,否
https://code.claude.com/docs/en/scripts/path.join,200,Page Not Found,388803,JOIN,,3,Windows路径,1,Windows路径:g:\\\,否
https://code.claude.com/docs/en/sub-agents%5C,200,Page Not Found,386540,接口,,3,Windows路径,1,Windows路径:g:\\\,否
https://code.claude.com/docs/en/slack%5C,200,Page Not Found,390404,接口,,5,Windows路径,1,Windows路径:g:\\\,否
https://code.claude.com/docs/en/plugin-marketplaces%5C,200,Page Not Found,387871,接口,,3,Windows路径,1,Windows路径:g:\\\,否
https://code.claude.com/docs/en/agent-sdk/width=device-width,200,Page Not Found,387745,接口,,3,Windows路径,1,Windows路径:g:\\\,否
https://code.claude.com/docs/en/vs-code%5C,200,Page Not Found,390379,接口,,5,Windows路径,1,Windows路径:g:\\\,否
https://code.claude.com/docs/en/agent-sdk/custom,200,Page Not Found,387611,接口,,3,Windows路径,1,Windows路径:g:\\\,否
https://code.claude.com/docs/en/agent-sdk/Claude,200,Page Not Found,387577,接口,,3,Windows路径,1,Windows路径:g:\\\,否
https://code.claude.com/docs/en/jetbrains%5C,200,Page Not Found,390286,接口,,5,Windows路径,1,Windows路径:g:\\\,否
https://code.claude.com/docs/en/agent-sdk/Mintlify,200,Page Not Found,387738,接口,,3,Windows路径,1,Windows路径:g:\\\,否
https://code.claude.com/docs/en/statusline%5C,200,Page Not Found,385936,接口,,3,Windows路径,1,Windows路径:g:\\\,否
https://code.claude.com/docs/en/scripts/Claude,200,Page Not Found,390327,接口,,3,Windows路径,1,Windows路径:g:\\\,否
https://code.claude.com/docs/en/scripts/noindex,200,Page Not Found,390332,接口,,3,Windows路径,1,Windows路径:g:\\\,否
https://code.claude.com/docs/en/gitlab-ci-cd%5C,200,Page Not Found,390564,接口,,5,Windows路径,1,Windows路径:g:\\\,否
https://code.claude.com/docs/en/claude-code/CHANGELOG.md,404,请求失败，状态码: 404,4,MD,,5,,,,否
https://code.claude.com/docs/en/common-workflows%5C,200,Page Not Found,390454,接口,,5,Windows路径,1,Windows路径:g:\\\,否
https://code.claude.com/docs/en/desktop%5C,200,Page Not Found,390316,接口,,5,Windows路径,1,Windows路径:g:\\\,否
https://code.claude.com/docs/en/agent-sdk/noindex,200,Page Not Found,387669,接口,,3,Windows路径,1,Windows路径:g:\\\,否
https://code.claude.com/docs/en/mcp%5C,200,Page Not Found,387985,接口,,3,Windows路径,1,Windows路径:g:\\\,否
https://code.claude.com/docs/en/hooks%5C,200,Page Not Found,386510,接口,,3,Windows路径,1,Windows路径:g:\\\,否
https://code.claude.com/docs/en/Status,200,Page Not Found,390235,接口,,3,Windows路径,1,Windows路径:g:\\\,否
https://code.claude.com/docs/en/devcontainer%5C,200,Page Not Found,387425,接口,,5,Windows路径,1,Windows路径:g:\\\,否
https://code.claude.com/docs/en/scripts/Mintlify,200,Page Not Found,390208,接口,,3,Windows路径,1,Windows路径:g:\\\,否
https://code.claude.com/docs/en/github-actions%5C,200,Page Not Found,390527,接口,,5,Windows路径,1,Windows路径:g:\\\,否
https://code.claude.com/docs/en/claude-code-on-the-web%5C,200,Page Not Found,390411,接口,,5,Windows路径,1,Windows路径:g:\\\,否
https://code.claude.com/docs/en/quickstart%5C,200,Page Not Found,390255,接口,,5,Windows路径,1,Windows路径:g:\\\,否
https://code.claude.com/docs/en/agent-sdk/path.join,200,Page Not Found,386025,JOIN,,3,Windows路径,1,Windows路径:g:\\\,否
https://code.claude.com/docs/en/sandboxing%5C,200,Page Not Found,387301,接口,,5,Windows路径,1,Windows路径:g:\\\,否
https://code.claude.com/docs/en/settings%5C,200,Page Not Found,385937,接口,,3,Windows路径,1,Windows路径:g:\\\,否
https://code.claude.com/docs/en/Model,200,Page Not Found,390078,接口,,3,Windows路径,1,Windows路径:g:\\\,否
https://code.claude.com/docs/en/model-config%5C,200,Page Not Found,385994,接口,,3,Windows路径,1,Windows路径:g:\\\,否
https://code.claude.com/docs/en/azure-ai-foundry%5C,200,Page Not Found,387656,接口,,5,Windows路径,1,Windows路径:g:\\\,否
https://code.claude.com/docs/en/show,200,Page Not Found,390131,接口,,5,Windows路径,1,Windows路径:g:\\\,否
https://code.claude.com/docs/en/checkpointing%5C,200,Page Not Found,386289,接口,,4,Windows路径,1,Windows路径:g:\\\,否
https://code.claude.com/docs/en/f3abb0cc802f3d7b95fc8762b94bdcb13bf39634c40c357301c4aa1d67a256fb,200,Page Not Found,390610,接口,,5,Windows路径,1,Windows路径:g:\\\,否
https://code.claude.com/docs/en/1401488693436528,200,Page Not Found,390406,接口,,5,Windows路径,1,Windows路径:g:\\\,否
https://code.claude.com/docs/en/55b0505ced03db2ce471b1617daeace5e7a81657042cfd93a3d10d1fb8695d21,200,Page Not Found,390568,接口,,5,Windows路径,1,Windows路径:g:\\\,否
https://code.claude.com/docs/en/object,200,Page Not Found,390102,接口,,5,Windows路径,1,Windows路径:g:\\\,否
https://code.claude.com/docs/en/interactive-mode%5C,200,Page Not Found,386519,接口,,4,Windows路径,1,Windows路径:g:\\\,否
https://code.claude.com/docs/en/light,200,Page Not Found,387430,接口,,5,Windows路径,1,Windows路径:g:\\\,否
https://code.claude.com/docs/en/937253475,200,Page Not Found,390198,接口,,5,Windows路径,1,Windows路径:g:\\\,否
https://code.claude.com/docs/en/no-cache,200,Page Not Found,387562,接口,,5,Windows路径,1,Windows路径:g:\\\,否
https://code.claude.com/docs/en/anthropics/claude-code,200,Page Not Found,387606,接口,,5,Windows路径,1,Windows路径:g:\\\,否
https://code.claude.com/docs/en/repository,200,Page Not Found,390470,接口,,5,Windows路径,1,Windows路径:g:\\\,否
https://code.claude.com/docs/en/Apib7-x98H0j5cPqHWwSMm6dNU4GmODRoqxLiDzdx9I,200,Page Not Found,390665,接口,,5,Windows路径,1,Windows路径:g:\\\,否
https://code.claude.com/docs/en/no-preview,200,Page Not Found,387606,接口,,5,Windows路径,1,Windows路径:g:\\\,否
https://code.claude.com/docs/en/github.com/anthropics/claude-code,200,Page Not Found,388903,接口,,5,Windows路径,1,Windows路径:g:\\\,否
https://code.claude.com/docs/en/github.com,200,Page Not Found,388757,COM,,5,Windows路径,1,Windows路径:g:\\\,否
https://code.claude.com/docs/en/advance,200,Page Not Found,387612,接口,,5,Windows路径,1,Windows路径:g:\\\,否
https://code.claude.com/docs/en/full,200,Page Not Found,390252,接口,,5,Windows路径,1,Windows路径:g:\\\,否
https://code.claude.com/docs/en/8dc348deccc27974902d5ae82b9cbbd431af10509292fe5746a188886c925bfc,200,Page Not Found,390572,接口,,5,Windows路径,1,Windows路径:g:\\\,否
https://code.claude.com/docs/en/600,200,Page Not Found,390099,接口,,5,Windows路径,1,Windows路径:g:\\\,否
https://code.claude.com/docs/en/71c6f083ede52be72ac87798812fea78fefb46f71767a6488e2fae95fd9f0441,200,Page Not Found,390631,接口,,5,Windows路径,1,Windows路径:g:\\\,否
https://code.claude.com/docs/en/76263028,200,Page Not Found,390185,接口,,5,Windows路径,1,Windows路径:g:\\\,否
https://code.claude.com/docs/en/eyJyZWZlcnJlciI6IiIsInJlcXVlc3RfaWQiOiI3QzVCOjM2MzAzQToyQkRDRDM6MzVDNDBDOjY5NkE0NDhDIiwidmlzaXRvcl9pZCI6Ijg5OTAwNjk5MTMzMjA4MzQxODgiLCJyZWdpb25fZWRnZSI6ImphcGFuZWFzdCIsInJlZ2lvbl9yZW5kZXIiOiJqYXBhbmVhc3QifQ==,200,Page Not Found,391528,接口,,5,Windows路径,1,Windows路径:g:\\\,否
https://code.claude.com/docs/en/anthropics,200,Page Not Found,387670,接口,,5,Windows路径,1,Windows路径:g:\\\,否
https://code.claude.com/docs/en/logged-out,200,Page Not Found,387366,接口,,5,Windows路径,1,Windows路径:g:\\\,否
https://code.claude.com/docs/en/true,200,Page Not Found,387980,接口,,5,Windows路径,1,Windows路径:g:\\\,否
https://code.claude.com/docs/en/false,200,Page Not Found,390059,接口,,5,Windows路径,1,Windows路径:g:\\\,否
https://code.claude.com/docs/en/3f871c8e07f0ae1886fa8dac284166d28b09ad5bada6476fc10b674e489788ef,200,Page Not Found,390729,接口,,5,Windows路径,1,Windows路径:g:\\\,否
https://code.claude.com/docs/en/63c426b30d262aba269ef14c40e3c817b384cd61,200,Page Not Found,390490,接口,,5,Windows路径,1,Windows路径:g:\\\,否
https://code.claude.com/docs/en/21a43568025709b66240454fc92d4f09335a96863f8ab1c46b4a07f6a5b67102,200,Page Not Found,390608,接口,,5,Windows路径,1,Windows路径:g:\\\,否
https://code.claude.com/docs/en/blob,200,Page Not Found,390283,接口,,5,Windows路径,1,Windows路径:g:\\\,否
https://code.claude.com/docs/en/slash-commands#SlashCommand-tool%5C,200,Slash commands - Claude Code Docs,857453,接口,,5,Authorization|Windows路径,1|2,Authorization:Basic command|Windows路径:s:\\\; g:\\\,否
https://code.claude.com/docs/en/66ba7b90b1753a0ead15adb71922ede2af3c99b87a5ff426ec8e5c02b7c506ae,200,Page Not Found,390639,接口,,5,Windows路径,1,Windows路径:g:\\\,否
https://code.claude.com/docs/en/app-id=1477376905,200,Page Not Found,387624,接口,,5,Windows路径,1,Windows路径:g:\\\,否
https://code.claude.com/docs/en/GitHub,200,Page Not Found,390341,接口,,5,Windows路径,1,Windows路径:g:\\\,否
https://code.claude.com/docs/en/amazon-bedrock%5C,200,Page Not Found,387549,接口,,5,Windows路径,1,Windows路径:g:\\\,否
https://code.claude.com/docs/en/keybindings%5C,200,Page Not Found,390381,接口,,5,Windows路径,1,Windows路径:g:\\\,否
https://code.claude.com/docs/en/microsoft-foundry%5C,200,Page Not Found,387667,接口,,5,Windows路径,1,Windows路径:g:\\\,否
https://code.claude.com/docs/en/styles/path.join,200,Page Not Found,384460,JOIN,,4,Windows路径,1,Windows路径:g:\\\,否
https://code.claude.com/docs/en/styles/custom,200,Page Not Found,386177,接口,,4,Windows路径,1,Windows路径:g:\\\,否
https://code.claude.com/docs/en/styles/Mintlify,200,Page Not Found,386117,接口,,4,Windows路径,1,Windows路径:g:\\\,否
https://code.claude.com/docs/en/styles/width=device-width,200,Page Not Found,386138,接口,,4,Windows路径,1,Windows路径:g:\\\,否
https://code.claude.com/docs/en/llm-gateway%5C,200,Page Not Found,387613,接口,,4,Windows路径,1,Windows路径:g:\\\,否
https://code.claude.com/docs/en/custom/skills/noindex,200,Page Not Found,390320,接口,,4,Windows路径,1,Windows路径:g:\\\,否
https://code.claude.com/docs/en/styles/noindex,200,Page Not Found,386129,接口,,4,Windows路径,1,Windows路径:g:\\\,否
https://code.claude.com/docs/en/custom/skills/width=device-width,200,Page Not Found,390459,接口,,4,Windows路径,1,Windows路径:g:\\\,否
https://code.claude.com/docs/en/custom/skills/Mintlify,200,Page Not Found,390389,接口,,4,Windows路径,1,Windows路径:g:\\\,否
https://code.claude.com/docs/en/plugins/my-plugin/agents/Mintlify,200,Page Not Found,388257,接口,,4,Windows路径,1,Windows路径:g:\\\,否
https://code.claude.com/docs/en/custom/skills/Claude,200,Page Not Found,390291,接口,,4,Windows路径,1,Windows路径:g:\\\,否
https://code.claude.com/docs/en/custom/skills/path.join,200,Page Not Found,388843,JOIN,,4,Windows路径,1,Windows路径:g:\\\,否
https://code.claude.com/docs/en/network-config%5C,200,Page Not Found,387685,接口,,4,Windows路径,1,Windows路径:g:\\\,否
https://code.claude.com/docs/en/google-vertex-ai%5C,200,Page Not Found,387605,接口,,4,Windows路径,1,Windows路径:g:\\\,否
https://code.claude.com/docs/en/plugins/my-plugin/agents/path.join,200,Page Not Found,386614,JOIN,,4,Windows路径,1,Windows路径:g:\\\,否
https://code.claude.com/docs/en/plugins-reference%5C,200,Page Not Found,386554,接口,,4,Windows路径,1,Windows路径:g:\\\,否
https://code.claude.com/docs/en/plugins/my-plugin/commands/path.join,200,Page Not Found,386626,JOIN,,4,Windows路径,1,Windows路径:g:\\\,否
https://code.claude.com/docs/en/plugins/my-plugin/commands/noindex,200,Page Not Found,387972,接口,,4,Windows路径,1,Windows路径:g:\\\,否
https://code.claude.com/docs/en/plugins/my-plugin/commands/Claude,200,Page Not Found,387966,接口,,4,Windows路径,1,Windows路径:g:\\\,否
https://code.claude.com/docs/en/plugins/my-plugin/commands/custom,200,Page Not Found,388335,接口,,4,Windows路径,1,Windows路径:g:\\\,否
https://code.claude.com/docs/en/styles/Claude,200,Page Not Found,386016,接口,,4,Windows路径,1,Windows路径:g:\\\,否
https://code.claude.com/docs/en/custom/agents/path.join,200,Page Not Found,388843,JOIN,,4,Windows路径,1,Windows路径:g:\\\,否
https://code.claude.com/docs/en/custom/agents/Mintlify,200,Page Not Found,390331,接口,,4,Windows路径,1,Windows路径:g:\\\,否
https://code.claude.com/docs/en/plugins/my-plugin/agents/width=device-width,200,Page Not Found,388390,接口,,4,Windows路径,1,Windows路径:g:\\\,否
https://code.claude.com/docs/en/custom/agents/noindex,200,Page Not Found,390325,接口,,4,Windows路径,1,Windows路径:g:\\\,否
https://code.claude.com/docs/en/custom/skills/custom,200,Page Not Found,390314,接口,,4,Windows路径,1,Windows路径:g:\\\,否
https://code.claude.com/docs/en/plugins/my-plugin/agents/Claude,200,Page Not Found,388347,接口,,4,Windows路径,1,Windows路径:g:\\\,否
https://code.claude.com/docs/en/custom/agents/custom,200,Page Not Found,390319,接口,,4,Windows路径,1,Windows路径:g:\\\,否
https://code.claude.com/docs/en/terminal-config%5C,200,Page Not Found,386035,接口,,4,Windows路径,1,Windows路径:g:\\\,否
https://code.claude.com/docs/en/custom/agents/Claude,200,Page Not Found,390483,接口,,4,Windows路径,1,Windows路径:g:\\\,否
https://code.claude.com/docs/en/plugins/my-plugin/agents/custom,200,Page Not Found,388284,接口,,4,Windows路径,1,Windows路径:g:\\\,否
https://code.claude.com/docs/en/statusline%5C,200,Page Not Found,385936,接口,,4,Windows路径,1,Windows路径:g:\\\,否
https://code.claude.com/docs/en/model-config%5C,200,Page Not Found,385994,接口,,4,Windows路径,1,Windows路径:g:\\\,否
https://code.claude.com/docs/en/plugins/my-plugin/commands/Mintlify,200,Page Not Found,387978,接口,,4,Windows路径,1,Windows路径:g:\\\,否
https://code.claude.com/docs/en/plugins/my-plugin/agents/noindex,200,Page Not Found,388314,接口,,4,Windows路径,1,Windows路径:g:\\\,否
https://code.claude.com/docs/en/plugins/my-plugin/commands/width=device-width,200,Page Not Found,388048,接口,,4,Windows路径,1,Windows路径:g:\\\,否
https://code.claude.com/docs/en/custom/agents/width=device-width,200,Page Not Found,390464,接口,,4,Windows路径,1,Windows路径:g:\\\,否
https://code.claude.com/docs/en/Delegate,危险,危险接口,0,危险,,0,未知,1,危险接口: 未知,否
https://code.claude.com/logout,危险,危险接口,0,危险,,0,/logout,1,危险接口: /logout,否
